{"life":2,"enemyPosY":344.84344482422,"enemyPosX":44.653713226318,"fighterPosX":96.902290344238,"fighterPosY":70,"score":1000,"scorePlaceholder":0}